incident_id,lat,lon,incident_type,incident_level,datetime,category
289724,35.9260,-86.8757,EMS & Rescue,Moderate,2022-01-01 00:07:25,Nine
289725,35.9278,-86.8742,EMS & Rescue,Moderate,2022-01-01 00:07:59,Nine
289726,35.9258,-86.8763,EMS & Rescue,Moderate,2022-01-01 00:11:44,Nine
289727,35.9817,-86.8895,EMS & Rescue,Moderate,2022-01-01 00:15:46,Nine
289728,35.9325,-86.8963,EMS & Rescue,Low,2022-01-01 00:20:10,Nine
289729,35.9446,-86.8974,EMS & Rescue,Low,2022-01-01 00:20:31,Nine
289730,35.9264,-86.8749,EMS & Rescue,Moderate,2022-01-01 00:24:46,Nine
289731,35.9255,-86.8771,EMS & Rescue,Moderate,2022-01-01 00:26:20,Nine
